ID;Название;Приоритет;Предусловия;Шаги;Ожидаемый результат;Статус автоматизации;Причина отсутствия покрытия;;;;
1;Успешная авторизация пользователя с валидными даными ;Высокий;"1. Пользователь зарегестрирован. 
2. Данные для входа: логин 'login2', пароль 'password2'.";1. Открыть приложение 'мобильный-хоспис' ;Приложение запущено, отображается экран авторизации;;;;;;
;;;;2. Ввести в поле 'Login' значение 'login2';Значение 'login2' отображается в поле;;;;;;
;;;;3. Ввести в поле 'Password' значение 'password2';Пароль отображается в виде точек (скрыт);;;;;;
;;;;4. Нажать кнопку 'SIGN IN' ;Произошел переход на главный экран, отображается лента новостей;;;;;;
2;Валидация поля 'Login'. Авторизация с несуществующим логином;Высокий;"1. Пользователь зарегестрирован.
2. Приложение открыто на экране авторизации.
";1. Ввести в поле 'Login' значение на латинице (test);Значение 'test' отображается в поле;;;;;;
;;;;2. Ввести в поле 'Password' значение 'password2';Пароль отображается в виде точек (скрыт);;;;;;
;;;;3. Нажать кнопку 'SIGN IN' ;Авторизация не выполнена, пользователь остается на текущем экране, отображается сообщение об ошибке:  'Something went wrong. Try again later.';;;;;;
3;Валидация поля 'Login'. Ввод значения на кириллице;Средний;"1. Пользователь зарегестрирован.
2. Приложение открыто на экране авторизации.
";1. Ввести в поле 'Login' значение на кириллице (тест);Значение 'тест' отображается в поле;;;;;;
;;;;2. Ввести в поле 'Password' значение 'password2';Пароль отображается в виде точек (скрыт);;;;;;
;;;;3. Нажать кнопку 'SIGN IN' ;Авторизация не выполнена, пользователь остается на текущем экране, отображается сообщение об ошибке:  'Something went wrong. Try again later.';;;;;;
4;Валидация поля 'Login'. Ввод спецсимволов;Средний;"1. Пользователь зарегестрирован.
2. Приложение открыто на экране авторизации.
";1. Ввести в поле 'Login' значение из спецсимволов (&%$@#);Значение '&%$@#' отображается в поле;;;;;;
;;;;2. Ввести в поле 'Password' значение 'password2';Пароль отображается в виде точек (скрыт);;;;;;
;;;;3. Нажать кнопку 'SIGN IN' ;Авторизация не выполнена, пользователь остается на текущем экране, отображается сообщение об ошибке:  'Something went wrong. Try again later.';;;;;;
5;Валидация поля 'Login'. Ввод пробелов;Средний;"1. Пользователь зарегестрирован.
2. Приложение открыто на экране авторизации.
";1. Ввести в поле 'Login' пробелы (    );В поле введены символы пробела (курсор смещен вправо);;;;;;
;;;;2. Ввести в поле 'Password' значение 'password2';Пароль отображается в виде точек (скрыт);;;;;;
;;;;3. Нажать кнопку 'SIGN IN' ;Авторизация не выполнена, пользователь остается на текущем экране, отображается сообщение об ошибке: 'Login and password cannot be empty.';;;;;;
6;Валидация поля 'Login'. Оставить поле незаполненным;Средний;"1. Пользователь зарегестрирован.
2. Приложение открыто на экране авторизации.
";1. Поле 'Login' оставить пустым ;Поле 'Login' остается пустым ;;;;;;
;;;;2. Ввести в поле 'Password' значение 'password2';Пароль отображается в виде точек (скрыт);;;;;;
;;;;3. Нажать кнопку 'SIGN IN' ;Авторизация не выполнена, пользователь остается на текущем экране, отображается сообщение об ошибке: 'Login and password cannot be empty.';;;;;;
7;Валидация поля 'Login'. Ввод значения граничной длины (63 символа);Низкий;"1. Пользователь зарегестрирован.
2. Приложение открыто на экране авторизации.";1. Ввести в поле 'Login' строку длиной 63 символов;Значение из 63 символов отображается в поле;;;;;;
8;Валидация поля 'Login'. Ввод значения превышающего лимит (64 символа);Низкий;"1. Пользователь зарегестрирован.
2. Приложение открыто на экране авторизации.";1. Ввести в поле 'Login' строку длиной 64 символов;Значение обрезалось на 63 символе;;;;;;
9;Валидация поля 'Login'. Ввод существующего логина с изменением регистра букв;Средний;"1. Пользователь зарегестрирован.
2. Приложение открыто на экране авторизации.
";1. Ввести   в поле 'Login' значение (Login2);Значение 'Login2' отображается в поле;;;;;;
;;;;2. Ввести в поле 'Password' значение 'password2';Пароль отображается в виде точек (скрыт);;;;;;
;;;;3. Нажать кнопку 'SIGN IN' ;Авторизация не выполнена, пользователь остается на текущем экране, отображается сообщение об ошибке:  'Something went wrong. Try again later.';;;;;;
10;Валидация поля 'Password'. Авторизация с несуществующим паролем;Высокий;"1. Пользователь зарегестрирован.
2. Приложение открыто на экране авторизации.";1. Ввести в поле 'Login' значение 'login2';Значение 'login2' отображается в поле;;;;;;
;;;;2. Ввести в поле 'Password' значение на латинице(test);Пароль отображается в виде точек (скрыт);;;;;;
;;;;3. Нажать кнопку 'SIGN IN' ;Авторизация не выполнена, пользователь остается на текущем экране, отображается сообщение об ошибке:  'Something went wrong. Try again later.';;;;;;
11;Валидация поля 'Password'. Ввод значения на кириллице с системной клавиатуры;Высокий;"1. Пользователь зарегестрирован.
2. Приложение открыто на экране авторизации.";1. Нажать на поле ввода 'Password';Открылась клавиатура на латинской раскладке;;;;;;
;;;;2. Попытаться переключить системную клавиатуру на кириллицу;Вызов кириллической раскладки заблокирован;;;;;;
12;Валидация поля 'Password'. Ввод значения на кириллице с помощью вставки скопированного текста;Высокий;"1. Пользователь зарегестрирован.
2. Приложение открыто на экране авторизации.";1. Ввести в поле 'Login' значение 'login2';Значение 'login2' отображается в поле;;;;;;
;;;;2. Скопировать в буфер обмена текст на кириллице (пароль);Текст скопирован;;;;;;
;;;;3. Вставить скопированный текст в поле 'Password';Пароль отображается в виде точек (скрыт);;;;;;
;;;;4. Нажать кнопку 'SIGN IN' ;Авторизация не выполнена, пользователь остается на текущем экране, отображается сообщение об ошибке:  'Something went wrong. Try again later.';;;;;;
13;Валидация поля 'Password'. Ввод спецсимволов;Средний;"1. Пользователь зарегестрирован.
2. Приложение открыто на экране авторизации.";1. Ввести в поле 'Login' значение 'login2';Значение 'login2' отображается в поле;;;;;;
;;;;2. Ввести в поле 'Password' значение из спецсимволов (&$#*@);Пароль отображается в виде точек (скрыт);;;;;;
;;;;3. Нажать кнопку 'SIGN IN' ;Авторизация не выполнена, пользователь остается на текущем экране, отображается сообщение об ошибке:  'Something went wrong. Try again later.';;;;;;
14;Валидация поля 'Password'. Ввод пробелов;Средний;"1. Пользователь зарегестрирован.
2. Приложение открыто на экране авторизации.";1. Ввести в поле 'Login' значение 'login2';Значение 'login2' отображается в поле;;;;;;
;;;;2. Ввести   в поле 'Password' пробелы(    );Пароль отображается в виде точек (скрыт);;;;;;
;;;;3. Нажать кнопку 'SIGN IN' ;Авторизация не выполнена, пользователь остается на текущем экране, отображается сообщение об ошибке: 'Login and password cannot be empty.';;;;;;
15;Валидация поля 'Password'. Оставить поле не заполненым;Средний;"1. Пользователь зарегестрирован.
2. Приложение открыто на экране авторизации.";1. Ввести в поле 'Login' значение 'login2';Значение 'login2' отображается в поле;;;;;;
;;;;2. Поле  'Password' оставить пустым ;Пароль отображается в виде точек (скрыт);;;;;;
;;;;3. Нажать кнопку 'SIGN IN' ;Авторизация не выполнена, пользователь остается на текущем экране, отображается сообщение об ошибке: 'Login and password cannot be empty.';;;;;;
16;Валидация поля 'Password'. Ввод значения, превышающего лимит (1000 знаков);Высокий;"1. Пользователь зарегестрирован.
2. Приложение открыто на экране авторизации.";1. Ввести в поле 'Login' значение 'login2';Значение 'login2' отображается в поле;;;;;;
;;;;2. Ввести   в поле 'Password' строку из 1000 символов;Пароль отображается в виде точек (скрыт);;;;;;
;;;;2 Нажать кнопку 'SIGN IN' ;Авторизация не выполнена, пользователь остается на текущем экране, отображается сообщение об ошибке:  'Something went wrong. Try again later.';;;;;;
17;Авторизация с пустыми полями 'Login' и 'Password';Средний;"1. Пользователь зарегестрирован.
2. Приложение открыто на экране авторизации.";1. Оставить поля  'Login' и 'Password' незаполненными;Значения в полях  'Login' и 'Password' отсутствуют;;;;;;
;;;;2 Нажать кнопку 'SIGN IN' ;Авторизация не выполнена, пользователь остается на текущем экране, отображается сообщение об ошибке: 'Login and password cannot be empty.';;;;;;
18;Выход пользователя из аккаунта;Высокий;Пользователь авторизован и находится в приложении.;1. Нажать на иконку профиля в верхней панели навигации;Открылось выпадающее меню, содержащее пункт 'Log out';;;;;;
;;;;2. Нажать на пункт меню 'Log out';Текущая сессия завершена, отображается экран авторизации с полями 'Login', 'Password'  и кнопкой 'SIGN IN';;;;;;
19;Переход в раздел 'News' через боковое меню 'гамбургер';Высокий;Пользователь авторизован и находится в приложении.;1. Нажать на кнопку  'гамбургер' (три горизнтальные полоски) в верхнем левом углу экрана;Открылось выпадающее меню навигации, отображаются разделы: 'Main', 'News', 'About';;;;;;
;;;;2. В выпадающем меню нажать на раздел 'News';Произошел переход в раздел 'News'. Список новостей успешно загружен и отображается на экране;;;;;;
20;Переход в раздел 'About' через боковое меню 'гамбургер';Высокий;Пользователь авторизован и находится в приложении.;1. Нажать на кнопку  'гамбургер' (три горизнтальные полоски) в верхнем левом углу экрана;Открылось выпадающее меню навигации, отображаются разделы: 'Main', 'News', 'About';;;;;;
;;;;2. В выпадающем меню нажать на раздел 'About';Произошел переход в раздел 'About'. На странице отображается: номер версии, ссылка на политику приватности и условия эксплуатации;;;;;;
21;Возврат из раздела 'About';Высокий;Пользователь авторизован и находится в приложении.;1. Нажать на кнопку  'гамбургер' (три горизнтальные полоски) в верхнем левом углу экрана;Открылось выпадающее меню навигации, отображаются разделы: 'Main', 'News', 'About';;;;;;
;;;;2. В выпадающем меню нажать на раздел 'About';Произошел переход в раздел 'About'. На странице отображается: номер версии, ссылка на политику приватности и условия эксплуатации;;;;;;
;;;;3. Нажать на стрелку 'Назад' в верхнем левом углу экрана;Произошел переход на предыдущую страницу, с которой открывался раздел 'About';;;;;;
22;Переход в раздел 'Main' через боковое меню 'гамбургер';Высокий;Пользователь авторизован и находится в приложении в разделе 'News'.;1. Нажать на кнопку  'гамбургер' (три горизнтальные полоски) в верхнем левом углу экрана;Открылось выпадающее меню навигации, отображаются разделы: 'Main', 'News', 'About';;;;;;
;;;;2. В выпадающем меню нажать на раздел 'Main';Произошел переход в раздел 'Main'. На странице отображается: выпадающий список News (с вложенной ссылкой ALL NEWS);;;;;;
23;Переход в раздел цитат через кнопку 'бабочка';Высокий;Пользователь авторизован и находится в приложении.;1. В верхней панели навигации нажать на кнопку с иконкой 'бабочка';Произошел переход на страницу с заголовком 'Love is all'. Отображается список доступных цитат;;;;;;
24;Раскрытие описания цитаты;Высокий;"1.Пользователь авторизован и находится в разделе цитат 'Love is all'.
2. В списке присутствует хотя бы одна цитата.";1. Нажать на стрелку (кнопку раскрытия) в блоке любой цитаты;Блок цитаты расширяется вниз, становится виден ранее скрытый текст с полным описанием цитаты;;;;;;
25;Переход по внешней ссылке 'Privacy Policy';Высокий;Пользователь авторизован и находится в разделе 'About'.;1. Нажать на ссылку 'Privacy Policy';Приложение переходит в фоновый режим, открывается системный браузер ;;;;;;
;;;;2. Проверить состояние загруженной страницы в браузере;В браузере открывается корректный URL политики приватности. Страница полностью загружена, отображается текст документа;;;;;;
26;Переход по внешней ссылке 'Terms of use' ;Высокий;Пользователь авторизован и находится в разделе 'About'.;1. Нажать на ссылку 'Terms of use';Приложение переходит в фоновый режим, открывается системный браузер ;;;;;;
;;;;2. Проверить состояние загруженной страницы в браузере;В браузере открывается корректный URL условия использования. Страница полностью загружена, отображается текст документа;;;;;;
27;Раскрытие описания новости в разделе 'Main';Высокий;Пользователь авторизован и находится в разделе 'Main'.;1. Нажать на стрелку (кнопку раскрытия) в блоке любой новости;Блок новости расширяется вниз, становится виден ранее скрытый текст с описанием ;;;;;;
28;Переход в раздел  'News' из раздела 'Main' через ссылку 'ALL NEWS';Высокий;Пользователь авторизован и находится в разделе 'Main'.;1. Нажать на ссылку 'ALL NEWS' на главной странице;Осуществлен переход в раздел 'News'. Список новостей успешно отображен и доступен для просмотра;;;;;;
29;Раскрытие описания новости в разделе 'News';Высокий;Пользователь авторизован и находится в разделе 'News'.;1. Нажать на стрелку раскрытия в блоке любой новости;Блок новости расширяется вниз, становится виден ранее скрытый текст с описанием ;;;;;;
30;Кнопка сортировки новостей в разделе 'News';Высокий;"1. Пользователь авторизован и находится в разделе 'News'.
2. В списке есть минимум две новости";1. Нажать на кнопку сортировки (стрелки) в верхней панели раздела;Прядок новостей изменился. Сверху отображаются более старые публикации(сортировка по убыванию даты);;;;;;
;;;;2. Повторно нажать на кнопку сортировки (стрелки);Прядок новостей изменился. Сверху отображаются самые новые публикации (сортировка по убыванию даты);;;;;;
31;Кнопка фильтрации новостей в разделе 'News';Высокий;Пользователь авторизован и находится в разделе 'News'.;1. Нажать на кнопку фильтрации (иконка фильтрации) в верхней панели раздела;Открылась форма фильтров. Отображаются: поле выбора категории, поля выбора периода времени, кнопки 'FILTER'  и 'CANCEL';;;;;;
32;Кнопка редактирования новостей в разделе 'News';Высокий;Пользователь авторизован и находится в разделе 'News'.;1. Нажать на кнопку редактирования (карандаш) в верхней панели раздела;Осуществлен переход на страницу редактирвания новостей (Control panel). На странице отображается список изданий;;;;;;
33;Кнопка 'REFRESH' при отсутствии новостей в разделе News ;Высокий;"1. Пользователь авторизован и находится в разделе 'News'.
2. Список новостей пустой";1. Нажать на кнопку 'REFRESH' ;Происходит обновление страницы (появление индикатора загрузки). Список остается пустым, кнопка 'REFRESH' остается доступной;;;;;;
34;Фильтрация новостей по всем полям в разделе 'News';Высокий;Пользователь авторизирован и находится  в разделе 'News'.;1. Нажать на кнопку фильтрации (иконка фильтрации) в верхней панели раздела;Открылась форма фильтров. Отображаются: поле выбора категории, поля выбора периода времени, кнопки 'FILTER'  и 'CANCEL';;;;;;
;;;;2. Выбрать значение в поле 'Category';Поле заполнено выбранной категорией из выпадающего списка;;;;;;
;;;;2. Выбрать дату начала периода;Дата начала периода выбрана и отображается в поле;;;;;;
;;;;3. Выбрать дату окончания периода;Дата окончания периода выбрана и отображается в поле;;;;;;
;;;;4. Нажать кнопку 'FILTER';Форма фильтрации закрылась, в списке отображаются новости, соответствующие заданным критериям/отображается пустой экран и кнопка 'REFRESH';;;;;;
35;Отмена фильтрации новостей в разделе 'News';Высокий;Пользователь авторизирован и находится  в разделе 'News'.;1. Нажать на кнопку фильтрации (иконка фильтрации) в верхней панели раздела;Открылась форма фильтров. Отображаются: поле выбора категории, поля выбора периода времени, кнопки 'FILTER'  и 'CANCEL';;;;;;
;;;;2. Выбрать значение в поле 'Category';Поле заполнено выбранной категорией из выпадающего списка;;;;;;
;;;;3. Нажать кнопку 'CANCEL';Форма фильтрации закрылась, отображается основной список новостей;;;;;;
36;Фильтрация новостей по полю 'Category' ;Высокий;Пользователь авторизирован и находится  в разделе 'News'.;1. Нажать на кнопку фильтрации (иконка фильтрации) в верхней панели раздела;Открылась форма фильтров. Отображаются: поле выбора категории, поля выбора периода времени, кнопки 'FILTER'  и 'CANCEL';;;;;;
;;;;2. Выбрать значение в поле 'Category';Поле заполнено выбранной категорией из выпадающего списка;;;;;;
;;;;3. Нажать кнопку 'FILTER';Форма фильтрации закрылась, в списке отображаются новости, относящиеся к выбранной категории/отображается пустой экран и кнопка 'REFRESH';;;;;;
37;Фильтрация новостей по валидному периоду дат;Высокий;Пользователь авторизирован и находится  в разделе 'News'.;1. Нажать на кнопку фильтрации (иконка фильтрации) в верхней панели раздела;Открылась форма фильтров. Отображаются: поле выбора категории, поля выбора периода времени, кнопки 'FILTER'  и 'CANCEL';;;;;;
;;;;2. Выбрать дату начала периода;Дата начала периода выбрана и отображается в поле;;;;;;
;;;;3. Выбрать дату окончания периода;Дата окончания периода выбрана и отображается в поле;;;;;;
;;;;4. Нажать кнопку 'FILTER';Форма фильтрации закрылась, в списке отображаются новости с датой публикации в выбранном диапозоне/отображается пустой экран и кнопка 'REFRESH';;;;;;
38;Фильтрация только с датой начала периода;Высокий;Пользователь авторизирован и находится  в разделе 'News'.;1. Нажать на кнопку фильтрации (иконка фильтрации) в верхней панели раздела;Открылась форма фильтров. Отображаются: поле выбора категории, поля выбора периода времени, кнопки 'FILTER'  и 'CANCEL';;;;;;
;;;;2. Выбрать дату начала периода;Дата начала периода выбрана и отображается в поле;;;;;;
;;;;3. Нажать кнопку 'FILTER';Появляется всплывающее окно с текстом ошибки 'Wrong period';;;;;;
39;Фильтрация только с датой окончания периода;Высокий;Пользователь авторизирован и находится  в разделе 'News'.;1. Нажать на кнопку фильтрации (иконка фильтрации) в верхней панели раздела;Открылась форма фильтров. Отображаются: поле выбора категории, поля выбора периода времени, кнопки 'FILTER'  и 'CANCEL';;;;;;
;;;;2. Выбрать дату окончания периода;Дата начала периода выбрана и отображается в поле;;;;;;
;;;;3. Нажать кнопку 'FILTER';Появляется всплывающее окно с текстом ошибки 'Wrong period';;;;;;
40;Фильтрация новостей по невалидному периоду;Средний;Пользователь авторизирован и находится  в разделе 'News'.;1. Нажать на кнопку фильтрации (иконка фильтрации) в верхней панели раздела;Открылась форма фильтров. Отображаются: поле выбора категории, поля выбора периода времени, кнопки 'FILTER'  и 'CANCEL';;;;;;
;;;;2. Выбрать дату начала периода (она должна быть позже даты окончания) (06.03.2026);Дата начала периода выбрана и отображается в поле;;;;;;
;;;;3. Выбрать дату окончания периода (она должна быть раньше даты начала) (01.03.2026);Дата окончания периода выбрана и отображается в поле;;;;;;
;;;;4. Нажать кнопку 'FILTER';Форма фильтрации закрылась, список пуст отображается кнопка 'REFRESH';;;;;;
41;Отмена выбора даты начала (в календаре);Высокий;Пользователь авторизирован и находится  в разделе 'News'.;1. Нажать на кнопку фильтрации (иконка фильтрации) в верхней панели раздела;Открылась форма фильтров. Отображаются: поле выбора категории, поля выбора периода времени, кнопки 'FILTER'  и 'CANCEL';;;;;;
;;;;2. Нажать на поле с датой начала периода;Открылось модальное окно календаря для выбора дыты;;;;;;
;;;;3. Выбрать любую дату в календаре;Дата подсвечена в календаре;;;;;;
;;;;4. Нажать кнопку 'CANCEL' ;Окно календаря закрылось. В форме фильтрации поле даты начала осталось пустым;;;;;;
42;Отмена выбора даты окончания (в календаре);Высокий;Пользователь авторизирован и находится  в разделе 'News'.;1. Нажать на кнопку фильтрации (иконка фильтрации) в верхней панели раздела;Открылась форма фильтров. Отображаются: поле выбора категории, поля выбора периода времени, кнопки 'FILTER'  и 'CANCEL';;;;;;
;;;;2. Нажать на поле с датой окончания периода;Открылось модальное окно календаря для выбора дыты;;;;;;
;;;;3. Выбрать любую дату в календаре;Дата подсвечена в календаре;;;;;;
;;;;4. Нажать кнопку 'CANCEL' ;Окно календаря закрылось. В форме фильтрации поле даты окончания осталось пустым;;;;;;
43;Кнопка сортировки новостей в 'Control panel';Высокий;"1. Пользователь авторизован.
2. Пользователь перешел в раздел 'Control panel' (кнопка 'карандаш' в разделе 'News').
3. В списке есть минимум две новости";1. Нажать на кнопку сортировки (стрелки) в верхней панели раздела;Прядок новостей изменился. Сверху отображаются более старые публикации(сортировка по убыванию даты);;;;;;
;;;;2. Повторно нажать на кнопку сортировки (стрелки);Прядок новостей изменился. Сверху отображаются самые новые публикации (сортировка по убыванию даты);;;;;;
44;Кнопка фильтрации новостей в 'Control panel';Высокий;"1. Пользователь авторизован.
2. Пользователь перешел в раздел 'Control panel' (кнопка 'карандаш' в разделе 'News').";1. Нажать на кнопку фильтрации (иконка фильтрации) в верхней панели раздела;Открылась форма фильтров. Отображаются: поле выбора категории, поля выбора периода времени,  чекбоксы 'Active' и 'Not active', кнопки 'FILTER'  и 'CANCEL';;;;;;
45;Кнопка добавления новых новостей в 'Control panel';Высокий;"1. Пользователь авторизован.
2. Пользователь перешел в раздел 'Control panel' (кнопка 'карандаш' в разделе 'News').";1. Нажать на кнопку добавить (плюс);Открыласть форма создания новости. Отображаются: поле выбора категории, поле 'Title', поле 'Publication date', поле 'Time', поле 'Description', кнопки 'SAVE' и 'CANCEL';;;;;;
46;Кнопка удаление новости из списка в  'Control panel';Высокий;"1. Пользователь авторизован.
2. Пользователь перешел в раздел 'Control panel' (кнопка 'карандаш' в разделе 'News').
3. В списке есть хотя бы одна новость.";1. Нажать на иконку 'корзина' в блоке любой новости;Появилось модальное окно подтвержения. Текст окна: 'Are you sure you want to permanently delete the document? These changes cannot be reversed in the future.';;;;;;
;;;;2. Нажать кнопку 'OK' в окне подтверждения;Модальное окно закрылось. Выбранная новость больше не отображается в списке;;;;;;
47;Отмена удаления новости из списка в 'Control panel';Высокий;"1. Пользователь авторизован.
2. Пользователь перешел в раздел 'Control panel' (кнопка 'карандаш' в разделе 'News').
3. В списке есть хотя бы одна новость.";1. Нажать на иконку 'корзина' в блоке любой новости;Появилось модальное окно подтвержения. Текст окна: 'Are you sure you want to permanently delete the document? These changes cannot be reversed in the future.';;;;;;
;;;;2. Нажать кнопку  CANCEL;Модальное окно закрылось. Выбранная новость осталась в списке (не удалена). Общее количество новостей в списке не изменилось;;;;;;
48;Кнопка редактирования новости из списка в 'Control panel';Высокий;"1. Пользователь авторизован.
2. Пользователь перешел в раздел 'Control panel' (кнопка 'карандаш' в разделе 'News').
3. В списке есть хотя бы одна новость.";1. Нажать на иконку 'карандаш' в блоке любой новости;Открыласть форма редактирования новости. Отображаются: поле выбора категории, поле 'Title', поле 'Publication date', поле 'Time', поле 'Description', переключатель 'Active' кнопки 'SAVE' и 'CANCEL';;;;;;
49;Раскрытие описания новости из списка в  'Control panel';Высокий;"1. Пользователь авторизован.
2. Пользователь перешел в раздел 'Control panel' (кнопка 'карандаш' в разделе 'News').
3. В списке есть хотя бы одна новость.";1. Нажать на стрелку раскрытия в блоке любой новости;Блок новости расширяется вниз, становится виден ранее скрытый текст с описанием ;;;;;;
50;Редактирование всех полей новости в  'Control panel' ;Высокий;"1. Пользователь авторизован.
2. Пользователь перешел в раздел 'Control panel' (кнопка 'карандаш' в разделе 'News').
3. В списке есть хотя бы одна новость.";1. Нажать на иконку 'карандаш' в блоке любой новости;Открыласть форма редактирования новости. Все поля( 'Category', 'Title', 'Publication date', 'Time', 'Description') заполнены текущими данными новости;;;;;;
;;;;2. Изменить категорию в выпадающем списке в поле 'Category';Выбрано новое значение;;;;;;
;;;;3. Ввести новое значение в поле 'Title';Текст успешно обновлен;;;;;;
;;;;4. Установить новую дату в поле 'Publication date';Дата публикации изменена и отображается в поле;;;;;;
;;;;5. Установить новое время в поле 'Time';Время публикации изменено и отображается в поле;;;;;;
;;;;6. Ввести новые данные в поле 'Description';Текст успешно обновлен;;;;;;
;;;;7. Убедится, что переключатель 'Active' находится в активном состоянии (установлен по умолчанию);Состяние переключателя 'Active';;;;;;
;;;;8. Нажать кнопку 'SAVE';Форма закрылась. Призошел возврат к списку 'Control panel'. У отредактированной новости отображаются новые данные;;;;;;
51;Редактирование поля  'Category' в  'Control panel';Высокий;"1. Пользователь авторизован.
2. Пользователь перешел в раздел 'Control panel' (кнопка 'карандаш' в разделе 'News').
3. В списке есть хотя бы одна новость.";1. Нажать на иконку 'карандаш' в блоке любой новости;Открыласть форма редактирования новости. Все поля( 'Category', 'Title', 'Publication date', 'Time', 'Description') заполнены текущими данными новости;;;;;;
;;;;2. Изменить категорию в выпадающем списке в поле 'Category';Выбрано новое значение, поле 'Title'  автоматически приняло такое же значение;;;;;;
;;;;3. Изменить 'Title' на уникальное значение;Текст успешно обновлен;;;;;;
;;;;4. Нажать кнопку 'SAVE' ;Форма закрылась. Призошел возврат к списку 'Control panel'.;;;;;;
;;;;5. Снова нажать на иконку 'карандаш' у той же новости;Открыласть форма редактирования новости;;;;;;
;;;;6. Проверить сохранение выбранного значения в поле 'Category';В поле 'Category' отображается значение, выбранное на шаге 2;;;;;;
52;Редактирование поля 'Title' в 'Control panel' ;Высокий;"1. Пользователь авторизован.
2. Пользователь перешел в раздел 'Control panel' (кнопка 'карандаш' в разделе 'News').
3. В списке есть хотя бы одна новость.";1. Нажать на иконку 'карандаш' в блоке любой новости;Открыласть форма редактирования новости. Все поля( 'Category', 'Title', 'Publication date', 'Time', 'Description') заполнены текущими данными новости;;;;;;
;;;;2. Очистить поле 'Title' и ввести новое уникальное значение (test_Title);В поле 'Title' отображается новый введенный текст;;;;;;
;;;;3. Нажать кнопку 'SAVE' ;Форма закрылась. В списке 'Control panel' у редактируемой новости отображается новый заголовок. Остальные данные не изменились;;;;;;
53;Редактирование поля 'Title' в 'Control panel' (пустое поле);Высокий;"1. Пользователь авторизован.
2. Пользователь перешел в раздел 'Control panel' (кнопка 'карандаш' в разделе 'News').
3. В списке есть хотя бы одна новость.";1. Нажать на иконку 'карандаш' в блоке любой новости;Открыласть форма редактирования новости. Все поля( 'Category', 'Title', 'Publication date', 'Time', 'Description') заполнены текущими данными новости;;;;;;
;;;;2. Очистить поле 'Title' и оставить незаполненным;Поле 'Title' пустое.  Кнопка 'SAVE' активна;;;;;;
;;;;3. Нажать кнопку 'SAVE' ;Форма не закрылась. Появилось сообщение об ошибке: 'Fill empty fields'. В поле 'Title' отображается индикатор ошибки (восклицательный знак);;;;;;
54;Редактирование поля 'Title' в 'Control panel' (пробелы в поле);Высокий;"1. Пользователь авторизован.
2. Пользователь перешел в раздел 'Control panel' (кнопка 'карандаш' в разделе 'News').
3. В списке есть хотя бы одна новость.";1. Нажать на иконку 'карандаш' в блоке любой новости;Открыласть форма редактирования новости. Все поля( 'Category', 'Title', 'Publication date', 'Time', 'Description') заполнены текущими данными новости;;;;;;
;;;;2. Очистить поле 'Title' и ввести несклько пробелов (5);В поле 'Title' отображаются пробелы, курсор смещен вправо;;;;;;
;;;;3. Нажать кнопку 'SAVE' ;Форма не закрылась. Появилось сообщение об ошибке: 'Fill empty fields'. В поле 'Title' отображается индикатор ошибки (восклицательный знак);;;;;;
55;Редактирование поля 'Title' в 'Control panel' (1 символ в поле);Высокий;"1. Пользователь авторизован.
2. Пользователь перешел в раздел 'Control panel' (кнопка 'карандаш' в разделе 'News').
3. В списке есть хотя бы одна новость.";1. Нажать на иконку 'карандаш' в блоке любой новости;Открыласть форма редактирования новости. Все поля( 'Category', 'Title', 'Publication date', 'Time', 'Description') заполнены текущими данными новости;;;;;;
;;;;2. Очистить поле 'Title' и ввести  один символ (А);В поле 'Title' отображается новый введенный текст;;;;;;
;;;;3. Нажать кнопку 'SAVE' ;Форма закрылась. Призошел возврат к списку 'Control panel'. У отредактированной новости отображается новый заголовок (А);;;;;;
56;Редактирование поля 'Title' в 'Control panel' (1000 символ в поле);Высокий;"1. Пользователь авторизован.
2. Пользователь перешел в раздел 'Control panel' (кнопка 'карандаш' в разделе 'News').
3. В списке есть хотя бы одна новость.";1. Нажать на иконку 'карандаш' в блоке любой новости;Открыласть форма редактирования новости. Все поля( 'Category', 'Title', 'Publication date', 'Time', 'Description') заполнены текущими данными новости;;;;;;
;;;;2. Очистить поле 'Title' и ввести  1000 символов;В поле 'Title' отображается новый введенный текст полностью. Поле не блокирует ввод;;;;;;
;;;;3. Нажать кнопку 'SAVE' ;Форма закрылась. Призошел возврат к списку 'Control panel'. У отредактированной новости отображается новый заголовок, обрезанный многоточием в конце. Верстка карточки новости не нарушена;;;;;;
;;;;4. Нажать на иконку 'карандаш' в блоке той же новости;В поле 'Title' отображаются все 1000 символов, введенные ранее;;;;;;
57;Редактирование поля 'Publication date' в 'Control panel' ;Высокий;"1. Пользователь авторизован.
2. Пользователь перешел в раздел 'Control panel' (кнопка 'карандаш' в разделе 'News').
3. В списке есть хотя бы одна новость.";1. Нажать на иконку 'карандаш' в блоке любой новости;Открыласть форма редактирования новости. Все поля( 'Category', 'Title', 'Publication date', 'Time', 'Description') заполнены текущими данными новости;;;;;;
;;;;2. Установить новую дату в поле 'Publication date';Дата публикации изменена и отображается в поле;;;;;;
;;;;3. Нажать кнопку 'SAVE' ;Форма закрылась. В списке 'Control panel' у редактируемой новости отображается новая дата публикации. Остальные данные не изменились;;;;;;
58;Редактирование поля 'Publication date' в 'Control panel' (прошедшая дата);Высокий;"1. Пользователь авторизован.
2. Пользователь перешел в раздел 'Control panel' (кнопка 'карандаш' в разделе 'News').
3. В списке есть хотя бы одна новость.";1. Нажать на иконку 'карандаш' в блоке любой новости;Открылась форма редактирования новости. Все поля( 'Category', 'Title', 'Publication date', 'Time', 'Description') заполнены текущими данными новости;;;;;;
;;;;2. Нажать на поле 'Publication date';Открывается форма календаря, текущая дата подсвечена;;;;;;
;;;;3. Попытаться выбрать любую прошедшую дату (вчерашнее число);Прошешие даты визуально неактивны (серого цвета). Клик по ним не приводит к выбору даты;;;;;;
59;Отмена выбора даты публикации в форме редактирования в 'Control panel';Высокий;"1. Пользователь авторизован.
2. Пользователь перешел в раздел 'Control panel' (кнопка 'карандаш' в разделе 'News').
3. В списке есть хотя бы одна новость.";1. Нажать на иконку 'карандаш' в блоке любой новости;Открыласть форма редактирования новости. Все поля( 'Category', 'Title', 'Publication date', 'Time', 'Description') заполнены текущими данными новости;;;;;;
;;;;2. Нажать на поле 'Publication date';Открывается форма календаря, текущая дата подсвечена;;;;;;
;;;;3. Выбрать любую дату в календаре;Дата подсвечена в календаре;;;;;;
;;;;4. Нажать кнопку 'CANCEL' ;Окно календаря закрылось. В форме редактирования поле даты публикации осталось с прежней датой;;;;;;
60;Редактирование поля 'Time' в 'Control panel';Высокий;"1. Пользователь авторизован.
2. Пользователь перешел в раздел 'Control panel' (кнопка 'карандаш' в разделе 'News').
3. В списке есть хотя бы одна новость.";1. Нажать на иконку 'карандаш' в блоке любой новости;Открыласть форма редактирования новости. Все поля( 'Category', 'Title', 'Publication date', 'Time', 'Description') заполнены текущими данными новости;;;;;;
;;;;2. Установить новое время в поле 'Time';Время публикации изменено и отображается в поле;;;;;;
;;;;3. Нажать кнопку 'SAVE' ;Форма закрылась. Призошел возврат к списку 'Control panel'.;;;;;;
;;;;4. Снова нажать на иконку 'карандаш' у той же новости;Открыласть форма редактирования новости;;;;;;
;;;;5. Проверить сохранение выбранного значения в поле 'Time';В поле 'Time' отображается значение, выбранное на шаге 2;;;;;;
61;Отмена выбора времени публикации в форме редактирования в 'Control panel';Высокий;"1. Пользователь авторизован.
2. Пользователь перешел в раздел 'Control panel' (кнопка 'карандаш' в разделе 'News').
3. В списке есть хотя бы одна новость.";1. Нажать на иконку 'карандаш' в блоке любой новости;Открыласть форма редактирования новости. Все поля( 'Category', 'Title', 'Publication date', 'Time', 'Description') заполнены текущими данными новости;;;;;;
;;;;2. Нажать на поле 'Time';Открывается форма часов с установленным временем;;;;;;
;;;;3. Выбрать любое время;Время отражено вверху формы с часами;;;;;;
;;;;4. Нажать кнопку 'CANCEL' ;Форма с часами закрылась. В форме редактирования поле времени публикации осталось прежним;;;;;;
62;Редактирование поля 'Time' в 'Control panel' через клавиатуру;Высокий;"1. Пользователь авторизован.
2. Пользователь перешел в раздел 'Control panel' (кнопка 'карандаш' в разделе 'News').
3. В списке есть хотя бы одна новость.";1. Нажать на иконку 'карандаш' в блоке любой новости;Открыласть форма редактирования новости. Все поля( 'Category', 'Title', 'Publication date', 'Time', 'Description') заполнены текущими данными новости;;;;;;
;;;;2. Нажать на поле 'Time';Открывается форма часов с установленным временем;;;;;;
;;;;3. В левом нижнем углу  нажать на кнопку переключения 'клавиатура';Открывается форма 'Set time', где возможен ручной ввод времени;;;;;;
;;;;4. Удалить текущее значение и ввести в ручную (15:10);Значение корректно отображается в поле 'Time';;;;;;
;;;;5. Нажать кнопку 'SAVE' ;Форма закрылась. Призошел возврат к списку 'Control panel'.;;;;;;
;;;;6. Снова нажать на иконку 'карандаш' у той же новости;Открыласть форма редактирования новости;;;;;;
;;;;7. Проверить сохранение выбранного значения в поле 'Time';В поле 'Time' отображается значение, выбранное на шаге 4;;;;;;
63;Редактирование поля 'Time' в 'Control panel' через клавиатуру (отмена выбора времени);Высокий;"1. Пользователь авторизован.
2. Пользователь перешел в раздел 'Control panel' (кнопка 'карандаш' в разделе 'News').
3. В списке есть хотя бы одна новость.";1. Нажать на иконку 'карандаш' в блоке любой новости;Открыласть форма редактирования новости. Все поля( 'Category', 'Title', 'Publication date', 'Time', 'Description') заполнены текущими данными новости;;;;;;
;;;;2. Нажать на поле 'Time';Открывается форма часов с установленным временем;;;;;;
;;;;3. В левом нижнем углу  нажать на кнопку переключения 'клавиатура';Открывается форма 'Set time', где возможен ручной ввод времени;;;;;;
;;;;4. Удалить текущее значение и ввести любое время;Значение корректно отображается в поле 'Time';;;;;;
;;;;5. Нажать кнопку 'CANCEL' ;Форма 'Set time' закрылась. В форме редактирования поле времени публикации осталось прежним;;;;;;
64;Редактирование поля 'Time' в 'Control panel' через клавиатуру (валидация неккоректного времени - пустые поля);Высокий;"1. Пользователь авторизован.
2. Пользователь перешел в раздел 'Control panel' (кнопка 'карандаш' в разделе 'News').
3. В списке есть хотя бы одна новость.";1. Нажать на иконку 'карандаш' в блоке любой новости;Открыласть форма редактирования новости. Все поля( 'Category', 'Title', 'Publication date', 'Time', 'Description') заполнены текущими данными новости;;;;;;
;;;;2. Нажать на поле 'Time';Открывается форма часов с установленным временем;;;;;;
;;;;3. В левом нижнем углу  нажать на кнопку переключения 'клавиатура';Открывается форма 'Set time', где возможен ручной ввод времени;;;;;;
;;;;4. Удалить текущее значение и оставить поле незаполненным;Поля 'hour' и 'minute' незаполнены;;;;;;
;;;;5. Нажать кнопку 'OK';Форма не закрылась. Появилось сообщение об ошибке: 'Enter a valid time';;;;;;
65;Редактирование поля 'Time' в 'Control panel' через клавиатуру (валидация неккоректного времени - пустое поле 'hour');Средний;"1. Пользователь авторизован.
2. Пользователь перешел в раздел 'Control panel' (кнопка 'карандаш' в разделе 'News').
3. В списке есть хотя бы одна новость.";1. Нажать на иконку 'карандаш' в блоке любой новости;Открыласть форма редактирования новости. Все поля( 'Category', 'Title', 'Publication date', 'Time', 'Description') заполнены текущими данными новости;;;;;;
;;;;2. Нажать на поле 'Time';Открывается форма часов с установленным временем;;;;;;
;;;;3. В левом нижнем углу  нажать на кнопку переключения 'клавиатура';Открывается форма 'Set time', где возможен ручной ввод времени;;;;;;
;;;;4. Удалить текущее значение, оставить поле 'hour' незаполненным, в поле 'minute' ввести значение от 00 до 59;Поле 'hour' пустое, поле 'minute' заполнено;;;;;;
;;;;5. Нажать кнопку 'OK';Форма не закрылась. Появилось сообщение об ошибке: 'Enter a valid time';;;;;;
66;Редактирование поля 'Time' в 'Control panel' через клавиатуру (валидация неккоректного времени - пустое поле 'minute');Средний;"1. Пользователь авторизован.
2. Пользователь перешел в раздел 'Control panel' (кнопка 'карандаш' в разделе 'News').
3. В списке есть хотя бы одна новость.";1. Нажать на иконку 'карандаш' в блоке любой новости;Открыласть форма редактирования новости. Все поля( 'Category', 'Title', 'Publication date', 'Time', 'Description') заполнены текущими данными новости;;;;;;
;;;;2. Нажать на поле 'Time';Открывается форма часов с установленным временем;;;;;;
;;;;3. В левом нижнем углу  нажать на кнопку переключения 'клавиатура';Открывается форма 'Set time', где возможен ручной ввод времени;;;;;;
;;;;4. Удалить текущее значение, заполнить поле 'hour' значением от 00 до 23, поле 'minute' оставить незаполненым;Поле 'hour' заполнено, поле 'minute' пустое;;;;;;
;;;;5. Нажать кнопку 'OK';Форма не закрылась. Появилось сообщение об ошибке: 'Enter a valid time';;;;;;
67;Редактирование поля 'Time' в 'Control panel' через клавиатуру (валидация неккоректного времени - граничное значение в поле 'hour');Высокий;"1. Пользователь авторизован.
2. Пользователь перешел в раздел 'Control panel' (кнопка 'карандаш' в разделе 'News').
3. В списке есть хотя бы одна новость.";1. Нажать на иконку 'карандаш' в блоке любой новости;Открыласть форма редактирования новости. Все поля( 'Category', 'Title', 'Publication date', 'Time', 'Description') заполнены текущими данными новости;;;;;;
;;;;2. Нажать на поле 'Time';Открывается форма часов с установленным временем;;;;;;
;;;;3. В левом нижнем углу  нажать на кнопку переключения 'клавиатура';Открывается форма 'Set time', где возможен ручной ввод времени;;;;;;
;;;;4. Удалить текущее значение, заполнить поле 'hour' значением 24, в поле 'minute' ввести значение от 00 до 59;Поле 'hour' и поле 'minute' заполнено;;;;;;
;;;;5. Нажать кнопку 'OK';Форма не закрылась. Появилось сообщение об ошибке: 'Enter a valid time';;;;;;
68;Редактирование поля 'Time' в 'Control panel' через клавиатуру (валидация неккоректного времени - граничное значение в поле 'minute');Высокий;"1. Пользователь авторизован.
2. Пользователь перешел в раздел 'Control panel' (кнопка 'карандаш' в разделе 'News').
3. В списке есть хотя бы одна новость.";1. Нажать на иконку 'карандаш' в блоке любой новости;Открыласть форма редактирования новости. Все поля( 'Category', 'Title', 'Publication date', 'Time', 'Description') заполнены текущими данными новости;;;;;;
;;;;2. Нажать на поле 'Time';Открывается форма часов с установленным временем;;;;;;
;;;;3. В левом нижнем углу  нажать на кнопку переключения 'клавиатура';Открывается форма 'Set time', где возможен ручной ввод времени;;;;;;
;;;;4. Удалить текущее значение, заполнить поле 'hour' значением от 00 до 23, в поле 'minute' ввести значение 60;Поле 'hour' и поле 'minute' заполнено;;;;;;
;;;;5. Нажать кнопку 'OK';Форма не закрылась. Появилось сообщение об ошибке: 'Enter a valid time';;;;;;
69;Редактирование поля 'Time' в 'Control panel' через клавиатуру (валидация неккоректного времени - ввод спецсимволов');Высокий;"1. Пользователь авторизован.
2. Пользователь перешел в раздел 'Control panel' (кнопка 'карандаш' в разделе 'News').
3. В списке есть хотя бы одна новость.";1. Нажать на иконку 'карандаш' в блоке любой новости;Открыласть форма редактирования новости. Все поля( 'Category', 'Title', 'Publication date', 'Time', 'Description') заполнены текущими данными новости;;;;;;
;;;;2. Нажать на поле 'Time';Открывается форма часов с установленным временем;;;;;;
;;;;3. В левом нижнем углу  нажать на кнопку переключения 'клавиатура';Открывается форма 'Set time', где возможен ручной ввод времени;;;;;;
;;;;4. Удалить текущее значение, попытаться заполнить поля 'hour' или 'minute' спецсимволами (-#+./);Поля блокируют ввод значения '-#+./'.  Поля остаются пустыми;;;;;;
70;Переключение способа ввода времени в форме редактирования 'Control panel';Высокий;"1. Пользователь авторизован.
2. Пользователь перешел в раздел 'Control panel' (кнопка 'карандаш' в разделе 'News').
3. В списке есть хотя бы одна новость.";1. Нажать на иконку 'карандаш' в блоке любой новости;Открыласть форма редактирования новости. Все поля( 'Category', 'Title', 'Publication date', 'Time', 'Description') заполнены текущими данными новости;;;;;;
;;;;2. Нажать на поле 'Time';Открывается форма часов с установленным временем;;;;;;
;;;;3. В левом нижнем углу  нажать на кнопку переключения 'клавиатура';Открывается форма 'Set time', где возможен ручной ввод времени;;;;;;
;;;;4. В левом нижнем углу формы 'Set time' нажать на кнопку переключения 'часы';Открывается форма часов для выбора времени;;;;;;
71;Редактирование поля 'Description' в 'Control panel';Высокий;"1. Пользователь авторизован.
2. Пользователь перешел в раздел 'Control panel' (кнопка 'карандаш' в разделе 'News').
3. В списке есть хотя бы одна новость.";1. Нажать на иконку 'карандаш' в блоке любой новости;Открыласть форма редактирования новости. Все поля( 'Category', 'Title', 'Publication date', 'Time', 'Description') заполнены текущими данными новости;;;;;;
;;;;2. Очистить поле 'Description' и ввести новое уникальное значение ;В поле 'Description' отображается новый введенный текст;;;;;;
;;;;3. Нажать кнопку 'SAVE' ;Форма закрылась. Призошел возврат к списку 'Control panel'.;;;;;;
;;;;4. Нажать на стрелку раскрытия в блоке только что отредактированной новости;Блок новости расширяется вниз, становится виден ранее скрытый текст с обновленным описанием ;;;;;;
72;Редактирование поля 'Description' в 'Control panel' (пустое поле);Высокий;"1. Пользователь авторизован.
2. Пользователь перешел в раздел 'Control panel' (кнопка 'карандаш' в разделе 'News').
3. В списке есть хотя бы одна новость.";1. Нажать на иконку 'карандаш' в блоке любой новости;Открыласть форма редактирования новости. Все поля( 'Category', 'Title', 'Publication date', 'Time', 'Description') заполнены текущими данными новости;;;;;;
;;;;2. Очистить поле 'Description' и оставить незаполненным;Поле 'Description' пустое.  Кнопка 'SAVE' активна;;;;;;
;;;;3. Нажать кнопку 'SAVE' ;Форма не закрылась. Появилось сообщение об ошибке: 'Fill empty fields'. В поле 'Description' отображается индикатор ошибки (восклицательный знак);;;;;;
73;Редактирование поля 'Description' в 'Control panel' (пробелы в поле);Высокий;"1. Пользователь авторизован.
2. Пользователь перешел в раздел 'Control panel' (кнопка 'карандаш' в разделе 'News').
3. В списке есть хотя бы одна новость.";1. Нажать на иконку 'карандаш' в блоке любой новости;Открыласть форма редактирования новости. Все поля( 'Category', 'Title', 'Publication date', 'Time', 'Description') заполнены текущими данными новости;;;;;;
;;;;2. Очистить поле 'Description' и ввести несклько пробелов (5);В поле 'Description' отображаются пробелы, курсор смещен вправо;;;;;;
;;;;3. Нажать кнопку 'SAVE' ;Форма не закрылась. Появилось сообщение об ошибке: 'Fill empty fields'. В поле 'Description' отображается индикатор ошибки (восклицательный знак);;;;;;
74;Редактирование поля 'Description' в 'Control panel' (1 символ в поле);Высокий;"1. Пользователь авторизован.
2. Пользователь перешел в раздел 'Control panel' (кнопка 'карандаш' в разделе 'News').
3. В списке есть хотя бы одна новость.";1. Нажать на иконку 'карандаш' в блоке любой новости;Открыласть форма редактирования новости. Все поля( 'Category', 'Title', 'Publication date', 'Time', 'Description') заполнены текущими данными новости;;;;;;
;;;;2. Очистить поле 'Description' и ввести  один символ (А);В поле 'Description' отображается новый введенный текст;;;;;;
;;;;3. Нажать кнопку 'SAVE' ;Форма закрылась. Призошел возврат к списку 'Control panel'.;;;;;;
;;;;4. Нажать на стрелку раскрытия в блоке только что отредактированной новости;Блок новости расширяется вниз, становится виден ранее скрытый текст с обновленным описанием (А);;;;;;
75;Редактирование поля 'Description' в 'Control panel' (5000 символ в поле);Высокий;"1. Пользователь авторизован.
2. Пользователь перешел в раздел 'Control panel' (кнопка 'карандаш' в разделе 'News').
3. В списке есть хотя бы одна новость.";1. Нажать на иконку 'карандаш' в блоке любой новости;Открыласть форма редактирования новости. Все поля( 'Category', 'Title', 'Publication date', 'Time', 'Description') заполнены текущими данными новости;;;;;;
;;;;2. Очистить поле 'Description' и ввести  5000 символов;В поле 'Description' отображается новый введенный текст полностью. Поле не блокирует ввод;;;;;;
;;;;3. Нажать кнопку 'SAVE' ;Форма закрылась. Призошел возврат к списку 'Control panel'.;;;;;;
;;;;4. Нажать на стрелку раскрытия в блоке только что отредактированной новости;Блок новости расширяется вниз, становится виден ранее скрытый текст с обновленным описанием на 5000 символов;;;;;;
76;Изменение статуса новости на 'Active' через форму редактирвания в 'Control panel';Высокий;"1. Пользователь авторизован.
2. Пользователь перешел в раздел 'Control panel' (кнопка 'карандаш' в разделе 'News').
3. В списке есть хотя бы одна новость.";1. Нажать на иконку 'карандаш' в блоке новости со статусом 'Not active';Открыласть форма редактирования новости. Все поля( 'Category', 'Title', 'Publication date', 'Time', 'Description') заполнены текущими данными новости;;;;;;
;;;;2. Перевести переключатель (свитч) в положение 'Active' ;Переключатель визуально изменил состояние (подсвечен), отображается текстовая метка 'Active';;;;;;
;;;;3. Нажать кнопку SAVE ;Форма закрылась. Призошел возврат к списку 'Control panel'. У отредактирванной новости статус изменился на 'Active' ;;;;;;
77;Изменение статуса новости на 'Not active' через форму редактирвания в 'Control panel';Высокий;"1. Пользователь авторизован.
2. Пользователь перешел в раздел 'Control panel' (кнопка 'карандаш' в разделе 'News').
3. В списке есть хотя бы одна новость.";1. Нажать на иконку 'карандаш' в блоке новости со статусом 'Active';Открыласть форма редактирования новости. Все поля( 'Category', 'Title', 'Publication date', 'Time', 'Description') заполнены текущими данными новости;;;;;;
;;;;2. Перевести переключатель (свитч) в положение 'Not active' ;Переключатель визуально изменил состояние (стал серым), отображается текстовая метка 'Not active';;;;;;
;;;;3. Нажать кнопку SAVE ;Форма закрылась. Призошел возврат к списку 'Control panel'. У отредактирванной новости статус изменился на 'Not active' ;;;;;;
78;Отмена редактирования новостей 'Control panel';Высокий;"1. Пользователь авторизован.
2. Пользователь перешел в раздел 'Control panel' (кнопка 'карандаш' в разделе 'News').
3. В списке есть хотя бы одна новость.";1. Нажать на иконку 'карандаш' в блоке любой новости;Открыласть форма редактирования новости. Все поля( 'Category', 'Title', 'Publication date', 'Time', 'Description') заполнены текущими данными новости;;;;;;
;;;;2. Выбрать значение в поле 'Category';Поле заполнено выбранной категорией из выпадающего списка;;;;;;
;;;;3. Нажать кнопку 'CANCEL';Появилось модальное окно подтвержения. Текст окна: 'The changes won't be saved, do you really want to log out?';;;;;;
;;;;4. Нажать кнопку OK;Форма закрылась. Призошел возврат к списку 'Control panel'. ;;;;;;
79;Фильтрация новостей по всем полям в 'Control panel';Высокий;"1. Пользователь авторизован.
2. Пользователь перешел в раздел 'Control panel' (кнопка 'карандаш' в разделе 'News').
";1. Нажать на кнопку фильтрации (иконка фильтрации) в верхней панели раздела;Открылась форма фильтров. Отображаются: поле выбора категории, поля выбора периода времени,  чекбоксы 'Active' и 'Not active', кнопки 'FILTER'  и 'CANCEL';;;;;;
;;;;2. Выбрать значение в поле 'Category';Поле заполнено выбранной категорией из выпадающего списка;;;;;;
;;;;2. Выбрать дату начала периода;Дата начала периода выбрана и отображается в поле;;;;;;
;;;;3. Выбрать дату окончания периода;Дата окончания периода выбрана и отображается в поле;;;;;;
;;;;4. Убедится, что чекбокс 'Active' находится в активном состоянии (установлен по умолчанию);Чекбокс 'Active' установлен;;;;;;
;;;;5. Убедится, что чекбокс 'Not active' находится в активном состоянии (установлен по умолчанию);Чекбокс 'Not active' установлен;;;;;;
;;;;6. Нажать кнопку 'FILTER';Форма фильтрации закрылась, в списке отображаются новости, соответствующие заданным критериям/отображается пустой экран и кнопка 'REFRESH';;;;;;
80;Отмена фильтрации новостей в  'Control panel';Высокий;"1. Пользователь авторизован.
2. Пользователь перешел в раздел 'Control panel' (кнопка 'карандаш' в разделе 'News').";1. Нажать на кнопку фильтрации (иконка фильтрации) в верхней панели раздела;Открылась форма фильтров. Отображаются: поле выбора категории, поля выбора периода времени,  чекбоксы 'Active' и 'Not active', кнопки 'FILTER'  и 'CANCEL';;;;;;
;;;;2. Выбрать значение в поле 'Category';Поле заполнено выбранной категорией из выпадающего списка;;;;;;
;;;;3. Нажать кнопку 'CANCEL';Форма фильтрации закрылась, отображается основной список новостей;;;;;;
81;Фильтрация новостей по полю 'Category' в  'Control panel';Высокий;"1. Пользователь авторизован.
2. Пользователь перешел в раздел 'Control panel' (кнопка 'карандаш' в разделе 'News').";1. Нажать на кнопку фильтрации (иконка фильтрации) в верхней панели раздела;Открылась форма фильтров. Отображаются: поле выбора категории, поля выбора периода времени,  чекбоксы 'Active' и 'Not active', кнопки 'FILTER'  и 'CANCEL';;;;;;
;;;;2. Выбрать значение в поле 'Category';Поле заполнено выбранной категорией из выпадающего списка;;;;;;
;;;;3. Нажать кнопку 'FILTER';Форма фильтрации закрылась, в списке отображаются новости, относящиеся к выбранной категории/отображается пустой экран и кнопка 'REFRESH';;;;;;
82;Фильтрация новостей по валидному периоду дат в  'Control panel';Высокий;"1. Пользователь авторизован.
2. Пользователь перешел в раздел 'Control panel' (кнопка 'карандаш' в разделе 'News').";1. Нажать на кнопку фильтрации (иконка фильтрации) в верхней панели раздела;Открылась форма фильтров. Отображаются: поле выбора категории, поля выбора периода времени,  чекбоксы 'Active' и 'Not active', кнопки 'FILTER'  и 'CANCEL';;;;;;
;;;;2. Выбрать дату начала периода;Дата начала периода выбрана и отображается в поле;;;;;;
;;;;3. Выбрать дату окончания периода;Дата окончания периода выбрана и отображается в поле;;;;;;
;;;;4. Нажать кнопку 'FILTER';Форма фильтрации закрылась, в списке отображаются новости с датой публикации в выбранном диапозоне/отображается пустой экран и кнопка 'REFRESH';;;;;;
83;Фильтрация только с датой начала периода в  'Control panel';Высокий;"1. Пользователь авторизован.
2. Пользователь перешел в раздел 'Control panel' (кнопка 'карандаш' в разделе 'News').";1. Нажать на кнопку фильтрации (иконка фильтрации) в верхней панели раздела;Открылась форма фильтров. Отображаются: поле выбора категории, поля выбора периода времени,  чекбоксы 'Active' и 'Not active', кнопки 'FILTER'  и 'CANCEL';;;;;;
;;;;2. Выбрать дату начала периода;Дата начала периода выбрана и отображается в поле;;;;;;
;;;;3. Нажать кнопку 'FILTER';Появляется всплывающее окно с текстом ошибки 'Wrong period';;;;;;
84;Фильтрация только с датой окончания периода  в  'Control panel';Высокий;"1. Пользователь авторизован.
2. Пользователь перешел в раздел 'Control panel' (кнопка 'карандаш' в разделе 'News').";1. Нажать на кнопку фильтрации (иконка фильтрации) в верхней панели раздела;Открылась форма фильтров. Отображаются: поле выбора категории, поля выбора периода времени,  чекбоксы 'Active' и 'Not active', кнопки 'FILTER'  и 'CANCEL';;;;;;
;;;;2. Выбрать дату окончания периода;Дата начала периода выбрана и отображается в поле;;;;;;
;;;;3. Нажать кнопку 'FILTER';Появляется всплывающее окно с текстом ошибки 'Wrong period';;;;;;
85;Фильтрация новостей по невалидному периоду  в  'Control panel';Высокий;"1. Пользователь авторизован.
2. Пользователь перешел в раздел 'Control panel' (кнопка 'карандаш' в разделе 'News').";1. Нажать на кнопку фильтрации (иконка фильтрации) в верхней панели раздела;Открылась форма фильтров. Отображаются: поле выбора категории, поля выбора периода времени,  чекбоксы 'Active' и 'Not active', кнопки 'FILTER'  и 'CANCEL';;;;;;
;;;;2. Выбрать дату начала периода (она должна быть позже даты окончания) (06.03.2026);Дата начала периода выбрана и отображается в поле;;;;;;
;;;;3. Выбрать дату окончания периода (она должна быть раньше даты начала) (01.03.2026);Дата окончания периода выбрана и отображается в поле;;;;;;
;;;;4. Нажать кнопку 'FILTER';Форма фильтрации закрылась, список пуст отображается кнопка 'REFRESH';;;;;;
86;Отмена выбора даты начала (в календаре) в 'Control panel';Высокий;"1. Пользователь авторизован.
2. Пользователь перешел в раздел 'Control panel' (кнопка 'карандаш' в разделе 'News').";1. Нажать на кнопку фильтрации (иконка фильтрации) в верхней панели раздела;Открылась форма фильтров. Отображаются: поле выбора категории, поля выбора периода времени,  чекбоксы 'Active' и 'Not active', кнопки 'FILTER'  и 'CANCEL';;;;;;
;;;;2. Нажать на поле с датой начала периода;Открылось модальное окно календаря для выбора дыты;;;;;;
;;;;3. Выбрать любую дату в календаре;Дата подсвечена в календаре;;;;;;
;;;;4. Нажать кнопку 'CANCEL' ;Окно календаря закрылось. В форме фильтрации поле даты начала осталось пустым;;;;;;
87;Отмена выбора даты окончания (в календаре) в 'Control panel';Высокий;"1. Пользователь авторизован.
2. Пользователь перешел в раздел 'Control panel' (кнопка 'карандаш' в разделе 'News').";1. Нажать на кнопку фильтрации (иконка фильтрации) в верхней панели раздела;Открылась форма фильтров. Отображаются: поле выбора категории, поля выбора периода времени,  чекбоксы 'Active' и 'Not active', кнопки 'FILTER'  и 'CANCEL';;;;;;
;;;;2. Нажать на поле с датой окончания периода;Открылось модальное окно календаря для выбора дыты;;;;;;
;;;;3. Выбрать любую дату в календаре;Дата подсвечена в календаре;;;;;;
;;;;4. Нажать кнопку 'CANCEL' ;Окно календаря закрылось. В форме фильтрации поле даты окончания осталось пустым;;;;;;
88;Фильтрация новостей по чекбоксу 'Active' в 'Control panel';Высокий;"1. Пользователь авторизован.
2. Пользователь перешел в раздел 'Control panel' (кнопка 'карандаш' в разделе 'News').";1. Нажать на кнопку фильтрации (иконка фильтрации) в верхней панели раздела;Открылась форма фильтров. Отображаются: поле выбора категории, поля выбора периода времени,  чекбоксы 'Active' и 'Not active', кнопки 'FILTER'  и 'CANCEL';;;;;;
;;;;2. Деактивировать (снять флажок)  чекбокс 'Not active';Чекбокс  'Not active' пуст. Чекбокс  'Active' остается выбранным ;;;;;;
;;;;3. Нажать кнопку 'FILTER';Форма закрылась. В списке отображаются только новости со статусом 'Active'/отображается пустой экран и кнопка 'REFRESH';;;;;;
89;Фильтрация новостей по чекбоксу 'Not active' в 'Control panel';Высокий;"1. Пользователь авторизован.
2. Пользователь перешел в раздел 'Control panel' (кнопка 'карандаш' в разделе 'News').";1. Нажать на кнопку фильтрации (иконка фильтрации) в верхней панели раздела;Открылась форма фильтров. Отображаются: поле выбора категории, поля выбора периода времени,  чекбоксы 'Active' и 'Not active', кнопки 'FILTER'  и 'CANCEL';;;;;;
;;;;2. Деактивировать (снять флажок)  чекбокс 'Active';Чекбокс  'Active' пуст. Чекбокс  'Not active' остается выбранным ;;;;;;
;;;;3. Нажать кнопку 'FILTER';Форма закрылась. В списке отображаются только новости со статусом 'Not active'/отображается пустой экран и кнопка 'REFRESH';;;;;;
90;Создание новой новости;Высокий;"1. Пользователь авторизован.
2. Пользователь перешел в раздел 'Control panel' (кнопка 'карандаш' в разделе 'News').";1. Нажать на кнопку добавить (плюс);Открыласть форма создания новости. Отображаются: поле выбора категории, поле 'Title', поле 'Publication date', поле 'Time', поле 'Description', заблокированный ползунок 'Active', кнопки 'SAVE' и 'CANCEL';;;;;;
;;;;2. Выбрать категорию в выпадающем списке в поле 'Category';Поле заполнено выбранной категорией из выпадающего списка;;;;;;
;;;;3. Ввести значение в поле 'Title';Текст успешно внесен;;;;;;
;;;;4. Установить дату в поле 'Publication date';Дата публикации выбрана и отображается в поле;;;;;;
;;;;5. Установить время в поле 'Time';Время публикации выбрано и отображается в поле;;;;;;
;;;;6. Ввести данные в поле 'Description';Текст успешно внесен;;;;;;
;;;;7. Убедится, что переключатель 'Active' находится в заблокирванном состоянии (установлен по умолчанию);Состяние переключателя 'Active';;;;;;
;;;;8. Нажать кнопку 'SAVE';Форма закрылась. Призошел возврат к списку 'Control panel'. В списке отображается созданная новость;;;;;;
91;Отмена создания новости;Высокий;"1. Пользователь авторизован.
2. Пользователь перешел в раздел 'Control panel' (кнопка 'карандаш' в разделе 'News').";1. Нажать на кнопку добавить (плюс);Открыласть форма создания новости. Отображаются: поле выбора категории, поле 'Title', поле 'Publication date', поле 'Time', поле 'Description', заблокированный ползунок 'Active', кнопки 'SAVE' и 'CANCEL';;;;;;
;;;;2. Выбрать значение в поле 'Category';Поле заполнено выбранной категорией из выпадающего списка;;;;;;
;;;;3. Нажать кнопку 'CANCEL';Появилось модальное окно подтвержения. Текст окна: 'The changes won't be saved, do you really want to log out?';;;;;;
;;;;4. Нажать кнопку OK;Форма закрылась. Призошел возврат к списку 'Control panel'. ;;;;;;
92;Создание новости с заполнением только поля 'Category';Высокий;"1. Пользователь авторизован.
2. Пользователь перешел в раздел 'Control panel' (кнопка 'карандаш' в разделе 'News').";1. Нажать на кнопку добавить (плюс);Открыласть форма создания новости. Отображаются: поле выбора категории, поле 'Title', поле 'Publication date', поле 'Time', поле 'Description', заблокированный ползунок 'Active', кнопки 'SAVE' и 'CANCEL';;;;;;
;;;;2. Выбрать значение в поле 'Category';Поле заполнено выбранной категорией из выпадающего списка;;;;;;
;;;;3. Очистить поле 'Title' (если оно было заполнено автоматически) и оставить остальные поля пустыми;Поля 'Title', 'Publication date', 'Time', 'Description' - пустые;;;;;;
;;;;4. Нажать кнопку 'SAVE' ;Форма не закрылась. Появилось сообщение об ошибке: 'Fill empty fields'. Рядом с незаполненными обязательными полями отображается индикатор ошибки (восклицательный знак);;;;;;
93;Создание новости с заполнением только поля 'Title';Высокий;"1. Пользователь авторизован.
2. Пользователь перешел в раздел 'Control panel' (кнопка 'карандаш' в разделе 'News').";1. Нажать на кнопку добавить (плюс);Открыласть форма создания новости. Отображаются: поле выбора категории, поле 'Title', поле 'Publication date', поле 'Time', поле 'Description', заблокированный ползунок 'Active', кнопки 'SAVE' и 'CANCEL';;;;;;
;;;;2. Ввести значение в поле 'Title' и оставить остальные поля пустыми;Поле 'Title' - заполнено. Поля 'Category', 'Publication date', 'Time', 'Description' - пустые;;;;;;
;;;;3. Нажать кнопку 'SAVE' ;Форма не закрылась. Появилось сообщение об ошибке: 'Fill empty fields'. Рядом с незаполненными обязательными полями отображается индикатор ошибки (восклицательный знак);;;;;;
94;Валидация поля 'Title' при создании новости (пустое поле);Высокий;"1. Пользователь авторизован.
2. Пользователь перешел в раздел 'Control panel' (кнопка 'карандаш' в разделе 'News').";1. Нажать на кнопку добавить (плюс);Открыласть форма создания новости. Отображаются: поле выбора категории, поле 'Title', поле 'Publication date', поле 'Time', поле 'Description', заблокированный ползунок 'Active', кнопки 'SAVE' и 'CANCEL';;;;;;
;;;;2. Оставить поле 'Title' пустым, остальные поля заполнить вадидными данными;Поле 'Title' не заполнено, остальные поля содержат данные;;;;;;
;;;;3. Нажать кнопку 'SAVE' ;Форма не закрылась. Появилось сообщение об ошибке: 'Fill empty fields'. Рядом с полем 'Title' отображается индикатор ошибки (восклицательный знак);;;;;;
95;Валидация поля 'Title' при создании новости (пробелы в поле);Высокий;"1. Пользователь авторизован.
2. Пользователь перешел в раздел 'Control panel' (кнопка 'карандаш' в разделе 'News').";1. Нажать на кнопку добавить (плюс);Открыласть форма создания новости. Отображаются: поле выбора категории, поле 'Title', поле 'Publication date', поле 'Time', поле 'Description', заблокированный ползунок 'Active', кнопки 'SAVE' и 'CANCEL';;;;;;
;;;;2. В поле 'Title' ввести несколько пробелов (без других символов), остальные поля заполнить вадидными данными;В поле 'Title' не отображается текст, курсор смещен вправо на соответствующее колличество введенных пробелов. Остальные поля содержат данные;;;;;;
;;;;3. Нажать кнопку 'SAVE' ;Форма не закрылась. Появилось сообщение об ошибке: 'Fill empty fields'. Рядом с полем 'Title' отображается индикатор ошибки (восклицательный знак);;;;;;
96;Валидация поля 'Title' при создании новости (1 символ в поле);Высокий;"1. Пользователь авторизован.
2. Пользователь перешел в раздел 'Control panel' (кнопка 'карандаш' в разделе 'News').";1. Нажать на кнопку добавить (плюс);Открыласть форма создания новости. Отображаются: поле выбора категории, поле 'Title', поле 'Publication date', поле 'Time', поле 'Description', заблокированный ползунок 'Active', кнопки 'SAVE' и 'CANCEL';;;;;;
;;;;2. В поле 'Title' ввести  1 символ (А), остальные поля заполнить валидными данными;В поле 'Title' отображается новый введенный текст, остальные поля содержат данные;;;;;;
;;;;3. Нажать кнопку 'SAVE' ;Форма закрылась. Призошел возврат к списку 'Control panel'. У созданной новости отображается заголовок (А);;;;;;
97;Валидация поля 'Title' при создании новости (1000 символов в поле);Высокий;"1. Пользователь авторизован.
2. Пользователь перешел в раздел 'Control panel' (кнопка 'карандаш' в разделе 'News').";1. Нажать на кнопку добавить (плюс);Открыласть форма создания новости. Отображаются: поле выбора категории, поле 'Title', поле 'Publication date', поле 'Time', поле 'Description', заблокированный ползунок 'Active', кнопки 'SAVE' и 'CANCEL';;;;;;
;;;;2. В поле 'Title' ввести  один символ (А), остальные поля заполнить вадидными данными;В поле 'Title' отображается новый введенный текст, остальные поля содержат данные;;;;;;
;;;;3. Нажать кнопку 'SAVE' ;Форма закрылась. Призошел возврат к списку 'Control panel'. У сзданной новости отображается новый заголовок, обрезанный многоточием в конце. Верстка карточки новости не нарушена;;;;;;
;;;;4. Нажать на иконку 'карандаш' в блоке только созданной новости;В поле 'Title' отображаются все 1000 символов, введенные ранее;;;;;;
98;Создание новости с заполнением только поля 'Publication date';Высокий;"1. Пользователь авторизован.
2. Пользователь перешел в раздел 'Control panel' (кнопка 'карандаш' в разделе 'News').";1. Нажать на кнопку добавить (плюс);Открыласть форма создания новости. Отображаются: поле выбора категории, поле 'Title', поле 'Publication date', поле 'Time', поле 'Description', заблокированный ползунок 'Active', кнопки 'SAVE' и 'CANCEL';;;;;;
;;;;2.  Установить дату в поле 'Publication date'и оставить остальные поля пустыми;Поле  'Publication date' - заполнено. Поля 'Category', 'Title', 'Time', 'Description' - пустые;;;;;;
;;;;3. Нажать кнопку 'SAVE' ;Форма не закрылась. Появилось сообщение об ошибке: 'Fill empty fields'. Рядом с незаполненными обязательными полями отображается индикатор ошибки (восклицательный знак);;;;;;
99;Валидация поля 'Publication date' при создании новости (пустое поле);Высокий;"1. Пользователь авторизован.
2. Пользователь перешел в раздел 'Control panel' (кнопка 'карандаш' в разделе 'News').";1. Нажать на кнопку добавить (плюс);Открыласть форма создания новости. Отображаются: поле выбора категории, поле 'Title', поле 'Publication date', поле 'Time', поле 'Description', заблокированный ползунок 'Active', кнопки 'SAVE' и 'CANCEL';;;;;;
;;;;2. Оставить поле 'Publication date' пустым, остальные поля заполнить вадидными данными;Поле 'Publication date' не заполнено, остальные поля содержат данные;;;;;;
;;;;3. Нажать кнопку 'SAVE' ;Форма не закрылась. Появилось сообщение об ошибке: 'Fill empty fields'. Рядом с полем 'Publication date' отображается индикатор ошибки (восклицательный знак);;;;;;
100;Валидация поля 'Publication date' при создании новости (прошедшая дата);Высокий;"1. Пользователь авторизован.
2. Пользователь перешел в раздел 'Control panel' (кнопка 'карандаш' в разделе 'News').";1. Нажать на кнопку добавить (плюс);Открыласть форма создания новости. Отображаются: поле выбора категории, поле 'Title', поле 'Publication date', поле 'Time', поле 'Description', заблокированный ползунок 'Active', кнопки 'SAVE' и 'CANCEL';;;;;;
;;;;2. Нажать на поле 'Publication date';Открывается форма календаря, текущая дата подсвечена;;;;;;
;;;;3. Попытаться выбрать любую прошедшую дату (вчерашнее число);Прошешие даты визуально неактивны (серого цвета). Клик по ним не приводит к выбору даты;;;;;;
101;Отмена выбора даты публикации при создании новости;Высокий;"1. Пользователь авторизован.
2. Пользователь перешел в раздел 'Control panel' (кнопка 'карандаш' в разделе 'News').";1. Нажать на кнопку добавить (плюс);Открыласть форма создания новости. Отображаются: поле выбора категории, поле 'Title', поле 'Publication date', поле 'Time', поле 'Description', заблокированный ползунок 'Active', кнопки 'SAVE' и 'CANCEL';;;;;;
;;;;2. Нажать на поле 'Publication date';Открывается форма календаря, текущая дата подсвечена;;;;;;
;;;;3. Выбрать любую дату в календаре;Дата подсвечена в календаре;;;;;;
;;;;4. Нажать кнопку 'CANCEL' ;Окно календаря закрылось. В форме создания поле даты публикации осталось незаполненным;;;;;;
102;Создание новости с заполнением только поля 'Time';Высокий;"1. Пользователь авторизован.
2. Пользователь перешел в раздел 'Control panel' (кнопка 'карандаш' в разделе 'News').";1. Нажать на кнопку добавить (плюс);Открыласть форма создания новости. Отображаются: поле выбора категории, поле 'Title', поле 'Publication date', поле 'Time', поле 'Description', заблокированный ползунок 'Active', кнопки 'SAVE' и 'CANCEL';;;;;;
;;;;2.  Установить время в поле 'Time'и оставить остальные поля пустыми;Поле  'Time' - заполнено. Поля 'Category', 'Title', 'Publication date', 'Description' - пустые;;;;;;
;;;;3. Нажать кнопку 'SAVE' ;Форма не закрылась. Появилось сообщение об ошибке: 'Fill empty fields'. Рядом с незаполненными обязательными полями отображается индикатор ошибки (восклицательный знак);;;;;;
103;Валидация поля 'Time' при создании новости (пустое поле);Высокий;"1. Пользователь авторизован.
2. Пользователь перешел в раздел 'Control panel' (кнопка 'карандаш' в разделе 'News').";1. Нажать на кнопку добавить (плюс);Открыласть форма создания новости. Отображаются: поле выбора категории, поле 'Title', поле 'Publication date', поле 'Time', поле 'Description', заблокированный ползунок 'Active', кнопки 'SAVE' и 'CANCEL';;;;;;
;;;;2. Оставить поле 'Time' пустым, остальные поля заполнить валидными данными;Поле 'Time' не заполнено, остальные поля содержат данные;;;;;;
;;;;3. Нажать кнопку 'SAVE' ;Форма не закрылась. Появилось сообщение об ошибке: 'Fill empty fields'. Рядом с полем 'Time' отображается индикатор ошибки (восклицательный знак);;;;;;
104;Отмена выбора времени при создании новости;Высокий;"1. Пользователь авторизован.
2. Пользователь перешел в раздел 'Control panel' (кнопка 'карандаш' в разделе 'News').";1. Нажать на кнопку добавить (плюс);Открыласть форма создания новости. Отображаются: поле выбора категории, поле 'Title', поле 'Publication date', поле 'Time', поле 'Description', заблокированный ползунок 'Active', кнопки 'SAVE' и 'CANCEL';;;;;;
;;;;2. Нажать на поле 'Time';Открывается форма часов с установленным временем;;;;;;
;;;;3. Выбрать любое время;Время отражено вверху формы с часами;;;;;;
;;;;4. Нажать кнопку 'CANCEL' ;Форма с часами закрылась. В форме создания новости поле времени публикации осталось незаполненным;;;;;;
105;Заполнение поля 'Time'  через клавиатуру при создании новости;Высокий;"1. Пользователь авторизован.
2. Пользователь перешел в раздел 'Control panel' (кнопка 'карандаш' в разделе 'News').";1. Нажать на кнопку добавить (плюс);Открыласть форма создания новости. Отображаются: поле выбора категории, поле 'Title', поле 'Publication date', поле 'Time', поле 'Description', заблокированный ползунок 'Active', кнопки 'SAVE' и 'CANCEL';;;;;;
;;;;2. Нажать на поле 'Time';Открывается форма часов с установленным временем;;;;;;
;;;;3. В левом нижнем углу  нажать на кнопку переключения 'клавиатура';Открывается форма 'Set time', где возможен ручной ввод времени;;;;;;
;;;;4. Удалить текущее значение и ввести в ручную (15:10);Значение корректно отображается в поле 'Time';;;;;;
106;Отмена выбора времени через клавиатуру при создании новости;Высокий;"1. Пользователь авторизован.
2. Пользователь перешел в раздел 'Control panel' (кнопка 'карандаш' в разделе 'News').";1. Нажать на кнопку добавить (плюс);Открыласть форма создания новости. Отображаются: поле выбора категории, поле 'Title', поле 'Publication date', поле 'Time', поле 'Description', заблокированный ползунок 'Active', кнопки 'SAVE' и 'CANCEL';;;;;;
;;;;2. Нажать на поле 'Time';Открывается форма часов с установленным временем;;;;;;
;;;;3. В левом нижнем углу  нажать на кнопку переключения 'клавиатура';Открывается форма 'Set time', где возможен ручной ввод времени;;;;;;
;;;;4. Удалить текущее значение и ввести любое время;Значение корректно отображается в поле 'Time';;;;;;
;;;;5. Нажать кнопку 'CANCEL' ;Форма 'Set time' закрылась. В форме редактирования поле времени публикации осталось незаполненным;;;;;;
107;Заполнение поля 'Time'  через клавиатуру при создании новости (валидация неккоректного времени - пустые поля);Высокий;"1. Пользователь авторизован.
2. Пользователь перешел в раздел 'Control panel' (кнопка 'карандаш' в разделе 'News').";1. Нажать на кнопку добавить (плюс);Открыласть форма создания новости. Отображаются: поле выбора категории, поле 'Title', поле 'Publication date', поле 'Time', поле 'Description', заблокированный ползунок 'Active', кнопки 'SAVE' и 'CANCEL';;;;;;
;;;;2. Нажать на поле 'Time';Открывается форма часов с установленным временем;;;;;;
;;;;3. В левом нижнем углу  нажать на кнопку переключения 'клавиатура';Открывается форма 'Set time', где возможен ручной ввод времени;;;;;;
;;;;4. Удалить текущее значение и оставить поля незаполненным;Поля 'hour' и 'minute' незаполнены;;;;;;
;;;;5. Нажать кнопку 'OK';Форма не закрылась. Появилось сообщение об ошибке: 'Enter a valid time';;;;;;
108;Заполнение поля 'Time'  через клавиатуру при создании новости (валидация неккоректного времени - пустое поле 'hour');Высокий;"1. Пользователь авторизован.
2. Пользователь перешел в раздел 'Control panel' (кнопка 'карандаш' в разделе 'News').";1. Нажать на кнопку добавить (плюс);Открыласть форма создания новости. Отображаются: поле выбора категории, поле 'Title', поле 'Publication date', поле 'Time', поле 'Description', заблокированный ползунок 'Active', кнопки 'SAVE' и 'CANCEL';;;;;;
;;;;2. Нажать на поле 'Time';Открывается форма часов с установленным временем;;;;;;
;;;;3. В левом нижнем углу  нажать на кнопку переключения 'клавиатура';Открывается форма 'Set time', где возможен ручной ввод времени;;;;;;
;;;;4. Удалить текущее значение, оставить поле 'hour' незаполненным, в поле 'minute' ввести значение от 0 до 59;Поле 'hour' пустое, поле 'minute' заполнено;;;;;;
;;;;5. Нажать кнопку 'OK';Форма не закрылась. Появилось сообщение об ошибке: 'Enter a valid time';;;;;;
109;Заполнение поля 'Time'  через клавиатуру при создании новости (валидация неккоректного времени - пустое поле 'minute');Высокий;"1. Пользователь авторизован.
2. Пользователь перешел в раздел 'Control panel' (кнопка 'карандаш' в разделе 'News').";1. Нажать на кнопку добавить (плюс);Открыласть форма создания новости. Отображаются: поле выбора категории, поле 'Title', поле 'Publication date', поле 'Time', поле 'Description', заблокированный ползунок 'Active', кнопки 'SAVE' и 'CANCEL';;;;;;
;;;;2. Нажать на поле 'Time';Открывается форма часов с установленным временем;;;;;;
;;;;3. В левом нижнем углу  нажать на кнопку переключения 'клавиатура';Открывается форма 'Set time', где возможен ручной ввод времени;;;;;;
;;;;4. Удалить текущее значение, заполнить поле 'hour' значением от 00 до 23, поле 'minute' оставить незаполненым;Поле 'hour' заполнено, поле 'minute' пустое;;;;;;
;;;;5. Нажать кнопку 'OK';Форма не закрылась. Появилось сообщение об ошибке: 'Enter a valid time';;;;;;
110;Заполнение поля 'Time'  через клавиатуру при создании новости (валидация неккоректного времени - граничное значение в поле 'hour');Высокий;"1. Пользователь авторизован.
2. Пользователь перешел в раздел 'Control panel' (кнопка 'карандаш' в разделе 'News').";1. Нажать на кнопку добавить (плюс);Открыласть форма создания новости. Отображаются: поле выбора категории, поле 'Title', поле 'Publication date', поле 'Time', поле 'Description', заблокированный ползунок 'Active', кнопки 'SAVE' и 'CANCEL';;;;;;
;;;;2. Нажать на поле 'Time';Открывается форма часов с установленным временем;;;;;;
;;;;3. В левом нижнем углу  нажать на кнопку переключения 'клавиатура';Открывается форма 'Set time', где возможен ручной ввод времени;;;;;;
;;;;4. Удалить текущее значение, заполнить поле 'hour' значением 24, в поле 'minute' ввести значение от 0 до 59;Поле 'hour' и поле 'minute' заполнено;;;;;;
;;;;5. Нажать кнопку 'OK';Форма не закрылась. Появилось сообщение об ошибке: 'Enter a valid time';;;;;;
111;Заполнение поля 'Time'  через клавиатуру при создании новости (валидация неккоректного времени - граничное значение в поле 'minute');Высокий;"1. Пользователь авторизован.
2. Пользователь перешел в раздел 'Control panel' (кнопка 'карандаш' в разделе 'News').";1. Нажать на кнопку добавить (плюс);Открыласть форма создания новости. Отображаются: поле выбора категории, поле 'Title', поле 'Publication date', поле 'Time', поле 'Description', заблокированный ползунок 'Active', кнопки 'SAVE' и 'CANCEL';;;;;;
;;;;2. Нажать на поле 'Time';Открывается форма часов с установленным временем;;;;;;
;;;;3. В левом нижнем углу  нажать на кнопку переключения 'клавиатура';Открывается форма 'Set time', где возможен ручной ввод времени;;;;;;
;;;;4. Удалить текущее значение, заполнить поле 'hour' значением от 00 до 23, в поле 'minute' ввести значение 60;Поле 'hour' и поле 'minute' заполнено;;;;;;
;;;;5. Нажать кнопку 'OK';Форма не закрылась. Появилось сообщение об ошибке: 'Enter a valid time';;;;;;
112;Заполнение поля 'Time'  через клавиатуру при создании новости (валидация неккоректного времени - ввод спецсимволов');Высокий;"1. Пользователь авторизован.
2. Пользователь перешел в раздел 'Control panel' (кнопка 'карандаш' в разделе 'News').";1. Нажать на кнопку добавить (плюс);Открыласть форма создания новости. Отображаются: поле выбора категории, поле 'Title', поле 'Publication date', поле 'Time', поле 'Description', заблокированный ползунок 'Active', кнопки 'SAVE' и 'CANCEL';;;;;;
;;;;2. Нажать на поле 'Time';Открывается форма часов с установленным временем;;;;;;
;;;;3. В левом нижнем углу  нажать на кнопку переключения 'клавиатура';Открывается форма 'Set time', где возможен ручной ввод времени;;;;;;
;;;;4. Удалить текущее значение, попытаться заполнить поля 'hour' или 'minute' спецсимволами (-#+./);Поля блокируют ввод значения '-#+./'.  Поля остаются пустыми;;;;;;
113;Переключение способа ввода времени в форме создания новости;Высокий;"1. Пользователь авторизован.
2. Пользователь перешел в раздел 'Control panel' (кнопка 'карандаш' в разделе 'News').";1. Нажать на кнопку добавить (плюс);Открыласть форма создания новости. Отображаются: поле выбора категории, поле 'Title', поле 'Publication date', поле 'Time', поле 'Description', заблокированный ползунок 'Active', кнопки 'SAVE' и 'CANCEL';;;;;;
;;;;2. Нажать на поле 'Time';Открывается форма часов с установленным временем;;;;;;
;;;;3. В левом нижнем углу  нажать на кнопку переключения 'клавиатура';Открывается форма 'Set time', где возможен ручной ввод времени;;;;;;
;;;;4. В левом нижнем углу формы 'Set time' нажать на кнопку переключения 'часы';Открывается форма часов для выбора времени;;;;;;
114;Создание новости с заполнением только поля 'Description';Высокий;"1. Пользователь авторизован.
2. Пользователь перешел в раздел 'Control panel' (кнопка 'карандаш' в разделе 'News').";1. Нажать на кнопку добавить (плюс);Открыласть форма создания новости. Отображаются: поле выбора категории, поле 'Title', поле 'Publication date', поле 'Time', поле 'Description', заблокированный ползунок 'Active', кнопки 'SAVE' и 'CANCEL';;;;;;
;;;;2. Ввести значение в поле 'Description' и оставить остальные поля пустыми;Поле 'Description' - заполнено. Поля 'Category', 'Title', 'Publication date', 'Time' - пустые;;;;;;
;;;;3. Нажать кнопку 'SAVE' ;Форма не закрылась. Появилось сообщение об ошибке: 'Fill empty fields'. Рядом с незаполненными обязательными полями отображается индикатор ошибки (восклицательный знак);;;;;;
115;Валидация поля 'Description' при создании новости (пустое поле);Высокий;"1. Пользователь авторизован.
2. Пользователь перешел в раздел 'Control panel' (кнопка 'карандаш' в разделе 'News').";1. Нажать на кнопку добавить (плюс);Открыласть форма создания новости. Отображаются: поле выбора категории, поле 'Title', поле 'Publication date', поле 'Time', поле 'Description', заблокированный ползунок 'Active', кнопки 'SAVE' и 'CANCEL';;;;;;
;;;;2. Оставить поле 'Description' пустым, остальные поля заполнить вадидными данными;Поле 'Description' не заполнено, остальные поля содержат данные;;;;;;
;;;;3. Нажать кнопку 'SAVE' ;Форма не закрылась. Появилось сообщение об ошибке: 'Fill empty fields'. Рядом с полем 'Description' отображается индикатор ошибки (восклицательный знак);;;;;;
116;Валидация поля 'Description' при создании новости (пробелы в поле);Высокий;"1. Пользователь авторизован.
2. Пользователь перешел в раздел 'Control panel' (кнопка 'карандаш' в разделе 'News').";1. Нажать на кнопку добавить (плюс);Открыласть форма создания новости. Отображаются: поле выбора категории, поле 'Title', поле 'Publication date', поле 'Time', поле 'Description', заблокированный ползунок 'Active', кнопки 'SAVE' и 'CANCEL';;;;;;
;;;;2. В поле 'Description' ввести несколько пробелов (без других символов), остальные поля заполнить вадидными данными;В поле 'Description' не отображается текст, курсор смещен вправо на соответствующее колличество введенных пробелов. Остальные поля содержат данные;;;;;;
;;;;3. Нажать кнопку 'SAVE' ;Форма не закрылась. Появилось сообщение об ошибке: 'Fill empty fields'. Рядом с полем 'Description' отображается индикатор ошибки (восклицательный знак);;;;;;
117;Валидация поля 'Description' при создании новости (1 символ в поле);Высокий;"1. Пользователь авторизован.
2. Пользователь перешел в раздел 'Control panel' (кнопка 'карандаш' в разделе 'News').";1. Нажать на кнопку добавить (плюс);Открыласть форма создания новости. Отображаются: поле выбора категории, поле 'Title', поле 'Publication date', поле 'Time', поле 'Description', заблокированный ползунок 'Active', кнопки 'SAVE' и 'CANCEL';;;;;;
;;;;2. В поле 'Description' ввести  1 символ (А), остальные поля заполнить валидными данными;В поле 'Description' отображается новый введенный текст, остальные поля содержат данные;;;;;;
;;;;3. Нажать кнопку 'SAVE' ;Форма закрылась. Призошел возврат к списку 'Control panel'. У созданной новости отображается заголовок (А);;;;;;
118;Валидация поля 'Description' при создании новости (5000 символов в поле);Высокий;"1. Пользователь авторизован.
2. Пользователь перешел в раздел 'Control panel' (кнопка 'карандаш' в разделе 'News').";1. Нажать на кнопку добавить (плюс);Открыласть форма создания новости. Отображаются: поле выбора категории, поле 'Title', поле 'Publication date', поле 'Time', поле 'Description', заблокированный ползунок 'Active', кнопки 'SAVE' и 'CANCEL';;;;;;
;;;;2. В поле 'Description' ввести 5000 символов, остальные поля заполнить валидными данными;В поле 'Description' отображается новый введенный текст, остальные поля содержат данные;;;;;;
;;;;3. Нажать кнопку 'SAVE' ;Форма закрылась. Призошел возврат к списку 'Control panel'. ;;;;;;
;;;;4. Нажать на стрелку раскрытия в блоке только что созданной новости;Блок новости расширяется вниз, становится виден ранее скрытый текст с описанием на 5000 символов;;;;;;
119;Создание новости (незаполненные поля);Высокий;"1. Пользователь авторизован.
2. Пользователь перешел в раздел 'Control panel' (кнопка 'карандаш' в разделе 'News').";1. Нажать на кнопку добавить (плюс);Открыласть форма создания новости. Отображаются: поле выбора категории, поле 'Title', поле 'Publication date', поле 'Time', поле 'Description', заблокированный ползунок 'Active', кнопки 'SAVE' и 'CANCEL';;;;;;
;;;;2. Нажать кнопку 'SAVE' ;Форма не закрылась. Появилось сообщение об ошибке: 'Fill empty fields'. Рядом с незаполненными обязательными полями отображается индикатор ошибки (восклицательный знак);;;;;;
;;;;;;;;;;;
;;;;;;;;;;;
;;;;;;;;;;;
;;;;;;;;;;;
;;;;;;;;;;;
;;;;;;;;;;;
;;;;;;;;;;;
;;;;;;;;;;;
;;;;;;;;;;;
;;;;;;;;;;;
;;;;;;;;;;;
;;;;;;;;;;;
;;;;;;;;;;;
;;;;;;;;;;;
;;;;;;;;;;;
;;;;;;;;;;;
;;;;;;;;;;;
;;;;;;;;;;;
;;;;;;;;;;;
;;;;;;;;;;;
;;;;;;;;;;;
;;;;;;;;;;;
;;;;;;;;;;;
;;;;;;;;;;;
;;;;;;;;;;;
;;;;;;;;;;;
;;;;;;;;;;;
;;;;;;;;;;;
;;;;;;;;;;;
;;;;;;;;;;;
;;;;;;;;;;;
;;;;;;;;;;;
;;;;;;;;;;;
;;;;;;;;;;;
;;;;;;;;;;;
;;;;;;;;;;;
;;;;;;;;;;;
;;;;;;;;;;;
;;;;;;;;;;;
;;;;;;;;;;;
;;;;;;;;;;;
;;;;;;;;;;;
;;;;;;;;;;;
;;;;;;;;;;;
;;;;;;;;;;;
;;;;;;;;;;;
;;;;;;;;;;;
;;;;;;;;;;;
;;;;;;;;;;;
;;;;;;;;;;;
;;;;;;;;;;;
;;;;;;;;;;;
;;;;;;;;;;;
;;;;;;;;;;;
;;;;;;;;;;;
;;;;;;;;;;;
;;;;;;;;;;;
;;;;;;;;;;;
;;;;;;;;;;;
;;;;;;;;;;;
;;;;;;;;;;;
;;;;;;;;;;;
;;;;;;;;;;;
;;;;;;;;;;;
;;;;;;;;;;;
;;;;;;;;;;;
;;;;;;;;;;;
;;;;;;;;;;;
;;;;;;;;;;;
;;;;;;;;;;;
;;;;;;;;;;;
;;;;;;;;;;;
;;;;;;;;;;;
;;;;;;;;;;;
;;;;;;;;;;;
;;;;;;;;;;;
;;;;;;;;;;;
;;;;;;;;;;;
;;;;;;;;;;;
;;;;;;;;;;;
;;;;;;;;;;;
;;;;;;;;;;;
;;;;;;;;;;;
;;;;;;;;;;;
;;;;;;;;;;;
;;;;;;;;;;;
;;;;;;;;;;;
;;;;;;;;;;;
;;;;;;;;;;;
;;;;;;;;;;;
;;;;;;;;;;;
;;;;;;;;;;;
;;;;;;;;;;;
;;;;;;;;;;;
;;;;;;;;;;;
;;;;;;;;;;;
;;;;;;;;;;;
;;;;;;;;;;;
;;;;;;;;;;;
;;;;;;;;;;;
;;;;;;;;;;;
;;;;;;;;;;;
;;;;;;;;;;;
;;;;;;;;;;;
;;;;;;;;;;;
;;;;;;;;;;;
;;;;;;;;;;;
;;;;;;;;;;;
;;;;;;;;;;;
;;;;;;;;;;;
;;;;;;;;;;;
;;;;;;;;;;;
;;;;;;;;;;;
;;;;;;;;;;;
;;;;;;;;;;;
;;;;;;;;;;;
;;;;;;;;;;;
;;;;;;;;;;;
;;;;;;;;;;;
;;;;;;;;;;;
;;;;;;;;;;;
;;;;;;;;;;;
;;;;;;;;;;;
;;;;;;;;;;;
;;;;;;;;;;;
;;;;;;;;;;;
;;;;;;;;;;;
;;;;;;;;;;;
;;;;;;;;;;;
;;;;;;;;;;;
;;;;;;;;;;;
;;;;;;;;;;;
;;;;;;;;;;;
;;;;;;;;;;;
;;;;;;;;;;;
;;;;;;;;;;;
;;;;;;;;;;;
;;;;;;;;;;;
;;;;;;;;;;;
;;;;;;;;;;;
;;;;;;;;;;;
;;;;;;;;;;;
;;;;;;;;;;;
;;;;;;;;;;;
;;;;;;;;;;;
;;;;;;;;;;;
;;;;;;;;;;;
;;;;;;;;;;;
;;;;;;;;;;;
;;;;;;;;;;;
;;;;;;;;;;;
;;;;;;;;;;;
;;;;;;;;;;;
;;;;;;;;;;;
;;;;;;;;;;;
;;;;;;;;;;;
;;;;;;;;;;;
;;;;;;;;;;;
;;;;;;;;;;;
;;;;;;;;;;;
;;;;;;;;;;;
;;;;;;;;;;;
;;;;;;;;;;;
;;;;;;;;;;;
;;;;;;;;;;;
;;;;;;;;;;;
;;;;;;;;;;;
;;;;;;;;;;;
;;;;;;;;;;;
;;;;;;;;;;;
;;;;;;;;;;;
;;;;;;;;;;;
;;;;;;;;;;;
;;;;;;;;;;;
;;;;;;;;;;;
;;;;;;;;;;;
;;;;;;;;;;;
;;;;;;;;;;;
;;;;;;;;;;;
;;;;;;;;;;;
;;;;;;;;;;;
;;;;;;;;;;;
;;;;;;;;;;;
;;;;;;;;;;;
;;;;;;;;;;;
;;;;;;;;;;;
;;;;;;;;;;;
;;;;;;;;;;;
;;;;;;;;;;;
;;;;;;;;;;;
;;;;;;;;;;;
;;;;;;;;;;;
;;;;;;;;;;;
;;;;;;;;;;;
;;;;;;;;;;;
;;;;;;;;;;;
;;;;;;;;;;;
;;;;;;;;;;;
;;;;;;;;;;;
;;;;;;;;;;;
;;;;;;;;;;;
;;;;;;;;;;;
;;;;;;;;;;;
;;;;;;;;;;;
;;;;;;;;;;;
;;;;;;;;;;;
;;;;;;;;;;;
;;;;;;;;;;;
;;;;;;;;;;;
;;;;;;;;;;;
;;;;;;;;;;;
;;;;;;;;;;;
;;;;;;;;;;;
;;;;;;;;;;;
;;;;;;;;;;;
;;;;;;;;;;;
;;;;;;;;;;;
;;;;;;;;;;;
;;;;;;;;;;;
;;;;;;;;;;;
;;;;;;;;;;;
;;;;;;;;;;;
;;;;;;;;;;;
;;;;;;;;;;;
;;;;;;;;;;;
;;;;;;;;;;;
;;;;;;;;;;;
;;;;;;;;;;;
;;;;;;;;;;;
;;;;;;;;;;;
;;;;;;;;;;;
;;;;;;;;;;;
;;;;;;;;;;;
;;;;;;;;;;;
;;;;;;;;;;;
;;;;;;;;;;;
;;;;;;;;;;;
;;;;;;;;;;;
;;;;;;;;;;;
;;;;;;;;;;;
;;;;;;;;;;;
;;;;;;;;;;;
;;;;;;;;;;;
;;;;;;;;;;;
;;;;;;;;;;;
;;;;;;;;;;;
;;;;;;;;;;;
;;;;;;;;;;;
;;;;;;;;;;;
;;;;;;;;;;;
;;;;;;;;;;;
;;;;;;;;;;;
;;;;;;;;;;;
;;;;;;;;;;;
;;;;;;;;;;;
;;;;;;;;;;;
;;;;;;;;;;;
;;;;;;;;;;;
;;;;;;;;;;;
;;;;;;;;;;;
;;;;;;;;;;;
;;;;;;;;;;;
;;;;;;;;;;;
;;;;;;;;;;;
;;;;;;;;;;;
;;;;;;;;;;;
;;;;;;;;;;;
;;;;;;;;;;;
;;;;;;;;;;;
;;;;;;;;;;;
;;;;;;;;;;;
;;;;;;;;;;;
;;;;;;;;;;;
;;;;;;;;;;;
;;;;;;;;;;;
;;;;;;;;;;;
;;;;;;;;;;;
;;;;;;;;;;;
;;;;;;;;;;;
;;;;;;;;;;;
;;;;;;;;;;;
;;;;;;;;;;;
;;;;;;;;;;;
;;;;;;;;;;;
;;;;;;;;;;;
;;;;;;;;;;;
;;;;;;;;;;;
;;;;;;;;;;;
;;;;;;;;;;;
;;;;;;;;;;;
;;;;;;;;;;;
;;;;;;;;;;;
;;;;;;;;;;;
;;;;;;;;;;;
;;;;;;;;;;;
;;;;;;;;;;;
;;;;;;;;;;;
;;;;;;;;;;;
;;;;;;;;;;;
;;;;;;;;;;;
;;;;;;;;;;;
;;;;;;;;;;;
;;;;;;;;;;;
;;;;;;;;;;;
;;;;;;;;;;;
;;;;;;;;;;;
;;;;;;;;;;;
;;;;;;;;;;;
;;;;;;;;;;;
;;;;;;;;;;;
;;;;;;;;;;;
;;;;;;;;;;;
;;;;;;;;;;;
;;;;;;;;;;;
;;;;;;;;;;;
;;;;;;;;;;;
;;;;;;;;;;;
;;;;;;;;;;;
;;;;;;;;;;;
;;;;;;;;;;;
;;;;;;;;;;;
;;;;;;;;;;;
